20070220_01_KK1.0.4hrs.1.CEL	BMDM_Bl6_Unstimulated_0240___Female
20070220_02_KK1.LPS.4hrs.1.CEL	BMDM_Bl6_LPS_0240___Female
20070220_03_KK1.PAM3.4hrs.1.CEL	BMDM_Bl6_PAM3_0240___Female
20070220_04_KK1.PIC.4hrs.1.CEL	BMDM_Bl6_Poly-IC_0240___Female
20070220_04_KK1.PIC.4hrs.1.CEL	BMDM_Bl6_Poly-IC_0240___Male
20070228_01_KK2.0.4hrs.1.CEL	BMDM_Bl6_Unstimulated_0240___Female
20070228_02_KK2.LPS.4hrs.1.CEL	BMDM_Bl6_LPS_0240___Female
20070228_03_KK2.PAM3.4hrs.1.CEL	BMDM_Bl6_PAM3_0240___Female
20070228_04_KK2.PIC.4hrs.1.CEL	BMDM_Bl6_Poly-IC_0240___Female
20070228_04_KK2.PIC.4hrs.1.CEL	BMDM_Bl6_Poly-IC_0240___Male
20070228_05_NN.0.4hrs.1.CEL	BMDM_Bl6_Unstimulated_0240___Female
20070228_06_NN.LPS.4hrs.1.CEL	BMDM_Bl6_LPS_0240___Female
20070228_07_NN.PAM3.4hrs.1.CEL	BMDM_Bl6_PAM3_0240___Female
20070228_08_NN.PIC.4hrs.1.CEL	BMDM_Bl6_Poly-IC_0240___Female
20070228_08_NN.PIC.4hrs.1.CEL	BMDM_Bl6_Poly-IC_0240___Male
20070611_01_Bl6_LPS_InVitro__0060_____BMDM_F_KK1_KK_Std.CEL	BMDM_Bl6_LPS_0060___Female
20070611_02_Bl6_PAM3_InVitro__0060_____BMDM_F_KK1_KK_Std.CEL	BMDM_Bl6_PAM3_0060___Female
20070611_03_Bl6_LPS_InVitro__0060_____BMDM_F_MM_KK_Std.CEL	BMDM_Bl6_LPS_0060___Female
20070611_04_Bl6_PAM3_InVitro__0060_____BMDM_F_MM_KK_Std.CEL	BMDM_Bl6_PAM3_0060___Female
20070611_05_Bl6_LPS_InVitro__0060_____BMDM_F_NN_KK_Std.CEL	BMDM_Bl6_LPS_0060___Female
20070611_06_Bl6_PAM3_InVitro__0060_____BMDM_F_NN_KK_Std.CEL	BMDM_Bl6_PAM3_0060___Female
20070618_01_Bl6_LPS_InVitro__0720_____BMDM_F_KK1_DZ_Std.CEL	BMDM_Bl6_LPS_0720___Female
20070618_02_Bl6_PAM3_InVitro__0720_____BMDM_F_KK1_DZ_Std.CEL	BMDM_Bl6_PAM3_0720___Female
20070618_03_Bl6_PIC_InVitro__0720_____BMDM_F_KK1_DZ_Std.CEL	BMDM_Bl6_Poly-IC_0720___Female
20070618_03_Bl6_PIC_InVitro__0720_____BMDM_F_KK1_DZ_Std.CEL	BMDM_Bl6_Poly-IC_0720___Male
20070618_04_Bl6_LPS_InVitro__0720_____BMDM_F_KK2_DZ_Std.CEL	BMDM_Bl6_LPS_0720___Female
20070618_05_Bl6_PAM3_InVitro__0720_____BMDM_F_KK2_DZ_Std.CEL	BMDM_Bl6_PAM3_0720___Female
20070618_06_Bl6_PIC_InVitro__0720_____BMDM_F_KK2_DZ_Std.CEL	BMDM_Bl6_Poly-IC_0720___Female
20070618_06_Bl6_PIC_InVitro__0720_____BMDM_F_KK2_DZ_Std.CEL	BMDM_Bl6_Poly-IC_0720___Male
20070618_07_Bl6_LPS_InVitro__0720_____BMDM_F_MM_DZ_Std.CEL	BMDM_Bl6_LPS_0720___Female
20070618_08_Bl6_PAM3_InVitro__0720_____BMDM_F_MM_DZ_Std.CEL	BMDM_Bl6_PAM3_0720___Female
20070618_09_Bl6_PIC_InVitro__0720_____BMDM_F_MM_DZ_Std.CEL	BMDM_Bl6_Poly-IC_0720___Female
20070618_09_Bl6_PIC_InVitro__0720_____BMDM_F_MM_DZ_Std.CEL	BMDM_Bl6_Poly-IC_0720___Male
20070910_01_Bl6_________BMDM_M_AX_DZ_Std.CEL	BMDM_Bl6_____Male
20070910_02_Bl6_PIC_InVivo__0240_____BMDM_M_AX_DZ_Std.CEL	BMDM_Bl6_Poly-IC_0240___Female
20070910_02_Bl6_PIC_InVivo__0240_____BMDM_M_AX_DZ_Std.CEL	BMDM_Bl6_Poly-IC_0240___Male
20070910_03_Bl6_MCMV_InVivo_MOI1_0240_____BMDM_M_AX_DZ_Std.CEL	BMDM_Bl6_MCMV_0240___Male
20070910_04_Bl6_PIC_InVivo__0720_____BMDM_M_AX_DZ_Std.CEL	BMDM_Bl6_Poly-IC_0720___Female
20070910_04_Bl6_PIC_InVivo__0720_____BMDM_M_AX_DZ_Std.CEL	BMDM_Bl6_Poly-IC_0720___Male
20070910_05_Bl6_MCMV_InVivo_MOI1_0720_____BMDM_M_AX_DZ_Std.CEL	BMDM_Bl6_MCMV_0720___Male
20070910_06_Bl6_PIC_InVivo__1440_____BMDM_M_AX_DZ_Std.CEL	BMDM_Bl6_Poly-IC_1440___Male
20070919_07_Bl6_MCMV_InVivo_MOI1_1440_____BMDM_M_AX_DZ_Std.CEL	BMDM_Bl6_MCMV_1440___Male
20070919_08_MyDTRIF_________BMDM_M_AY_DZ_Std.CEL	BMDM_MyD88-Trif-null_____Female
20070919_08_MyDTRIF_________BMDM_M_AY_DZ_Std.CEL	BMDM_MyD88-Trif-null_____Male
20070919_09_MyDTRIF_PIC_InVivo__0240_____BMDM_M_AY_DZ_Std.CEL	BMDM_MyD88-Trif-null_Poly-IC_0240___Male
20070919_10_MyDTRIF_MCMV_InVivo_MOI1_0240_____BMDM_M_AY_DZ_S.CEL	BMDM_MyD88-Trif-null_MCMV_0240___Male
20070919_11_MyDTRIF_PIC_InVivo__0720_____BMDM_M_AY_DZ_Std.CEL	BMDM_MyD88-Trif-null_Poly-IC_0720___Male
20070919_12_MyDTRIF_MCMV_InVivo_MOI1_0720_____BMDM_M_AY_DZ_S.CEL	BMDM_MyD88-Trif-null_MCMV_0720___Male
20070920_05_MyDTRIF_PIC_InVivo__1440_____BMDM_M_AY_DZ_Std.CEL	BMDM_MyD88-Trif-null_Poly-IC_1440___Male
20070920_06_MyDTRIF_MCMV_InVivo_MOI1_1440_____BMDM_M_AY_DZ_S.CEL	BMDM_MyD88-Trif-null_MCMV_1440___Male
20071106_03_Bl6_MCMV_InVitro_MOI1_0720_____BMDM_M_CC_DZ_Std.CEL	BMDM_Bl6_MCMV_0720___Male
20071106_04_Bl6_PAM3_InVitro__0720_PIC_InVitro__0720_BMDM_M_.CEL	BMDM_Trif-null_PAM3_0720_Poly-IC_0720_Female
20071106_04_Bl6_PAM3_InVitro__0720_PIC_InVitro__0720_BMDM_M_.CEL	BMDM_Trif-null_PAM3_0720_Poly-IC_0720_Male
20071106_05_Bl6_Ifng_InVitro__0720_____BMDM_M_CC_DZ_Std.CEL	BMDM_Bl6_Ifn-gamma_0720___Female
20071106_05_Bl6_Ifng_InVitro__0720_____BMDM_M_CC_DZ_Std.CEL	BMDM_Bl6_Ifn-gamma_0720___Male
20071106_06_IRF1_________BMDM_M_CB_DZ_Std.CEL	BMDM_IRF1-null_____Female
20071106_06_IRF1_________BMDM_M_CB_DZ_Std.CEL	BMDM_IRF1-null_____Male
20071106_07_IRF1_LPS_InVitro__0720_____BMDM_M_CB_DZ_Std.CEL	BMDM_IRF1-null_LPS_0720___Female
20071106_07_IRF1_LPS_InVitro__0720_____BMDM_M_CB_DZ_Std.CEL	BMDM_IRF1-null_LPS_0720___Male
20071106_08_IRF1_PAM3_InVitro__0720_____BMDM_M_CB_DZ_Std.CEL	BMDM_IRF1-null_PAM3_0720___Female
20071106_08_IRF1_PAM3_InVitro__0720_____BMDM_M_CB_DZ_Std.CEL	BMDM_IRF1-null_PAM3_0720___Male
20071106_09_IRF1_PIC_InVitro__0720_____BMDM_M_CB_DZ_Std.CEL	BMDM_IRF1-null_Poly-IC_0720___Female
20071106_09_IRF1_PIC_InVitro__0720_____BMDM_M_CB_DZ_Std.CEL	BMDM_IRF1-null_Poly-IC_0720___Male
20071106_10_IRF1_MCMV_InVitro_MOI1_0720_____BMDM_M_CB_DZ_Std.CEL	BMDM_IRF1-null_MCMV_0720___Male
20071106_11_IRF1_PAM3_InVitro__0720_PIC_InVitro__0720_BMDM_M.CEL	BMDM_IRF1-null_PAM3_0720_Poly-IC_0720_Female
20071106_11_IRF1_PAM3_InVitro__0720_PIC_InVitro__0720_BMDM_M.CEL	BMDM_IRF1-null_PAM3_0720_Poly-IC_0720_Male
20071106_12_IRF1_Ifng_InVitro__0720_____BMDM_M_CB_DZ_Std.CEL	BMDM_IRF1-null_Ifn-gamma_0720___Female
20071106_12_IRF1_Ifng_InVitro__0720_____BMDM_M_CB_DZ_Std.CEL	BMDM_IRF1-null_Ifn-gamma_0720___Male
20080115_01_IRF1_________BMDM_F_BL_DZ_Std.CEL	BMDM_IRF1-null_____Female
20080115_01_IRF1_________BMDM_F_BL_DZ_Std.CEL	BMDM_IRF1-null_____Male
20080115_02_IRF1_LPS_InVitro__0720_____BMDM_F_BL_DZ_Std.CEL	BMDM_IRF1-null_LPS_0720___Female
20080115_02_IRF1_LPS_InVitro__0720_____BMDM_F_BL_DZ_Std.CEL	BMDM_IRF1-null_LPS_0720___Male
20080115_03_IRF1_PAM3_InVitro__0720_____BMDM_F_BL_DZ_Std.CEL	BMDM_IRF1-null_PAM3_0720___Female
20080115_03_IRF1_PAM3_InVitro__0720_____BMDM_F_BL_DZ_Std.CEL	BMDM_IRF1-null_PAM3_0720___Male
20080115_04_IRF1_PIC_InVitro__0720_____BMDM_F_BL_DZ_Std.CEL	BMDM_IRF1-null_Poly-IC_0720___Female
20080115_04_IRF1_PIC_InVitro__0720_____BMDM_F_BL_DZ_Std.CEL	BMDM_IRF1-null_Poly-IC_0720___Male
20080115_05_IRF1_Ifng_InVitro__0720_____BMDM_F_BL_DZ_Std.CEL	BMDM_IRF1-null_Ifn-gamma_0720___Female
20080115_05_IRF1_Ifng_InVitro__0720_____BMDM_F_BL_DZ_Std.CEL	BMDM_IRF1-null_Ifn-gamma_0720___Male
20080115_08_IRF1_Ifng_InVitro__1020_____BMDM_F_BL_DZ_Std.CEL	BMDM_IRF1-null_Ifn-gamma_1020___Female
20080115_09_Bl6_Ifng_InVitro__0720_____BMDM_F_BM_DZ_Std.CEL	BMDM_Bl6_Ifn-gamma_0720___Female
20080115_09_Bl6_Ifng_InVitro__0720_____BMDM_F_BM_DZ_Std.CEL	BMDM_Bl6_Ifn-gamma_0720___Male
20080115_12_Bl6_PAM3_InVitro__0720_PIC_InVivo__0720_BMDM_F_B.CEL	BMDM_Bl6_PAM3_0720_Poly-IC_0720_Female
20080116_01_Bl6_Ifng_InVitro__1020_____BMDM_F_BM_DZ_Std.CEL	BMDM_Bl6_Ifn-gamma_1020___Female
20080116_02_IFNAR1_________BMDM_F_A_DZ_Std.CEL	BMDM_IFNAR1-null_____Female
20080116_03_IFNAR1_LPS_InVitro__0720_____BMDM_F_A_DZ_Std.CEL	BMDM_IFNAR1-null_LPS_0720___Female
20080116_04_IFNAR1_PAM3_InVitro__0720_____BMDM_F_A_DZ_Std.CEL	BMDM_IFNAR1-null_PAM3_0720___Female
20080116_05_IFNAR1_PIC_InVitro__0720_____BMDM_F_A_DZ_Std.CEL	BMDM_IFNAR1-null_Poly-IC_0720___Female
20080116_06_IFNAR1_PAM3_InVitro__0720_PIC_InVitro__0720_BMDM.CEL	BMDM_IFNAR1-null_PAM3_0720_Poly-IC_0720_Female
20080116_07_IFNAR1_________BMDM_F_B_DZ_Std.CEL	BMDM_IFNAR1-null_____Female
20080116_08_IFNAR1_LPS_InVitro__0720_____BMDM_F_B_DZ_Std.CEL	BMDM_IFNAR1-null_LPS_0720___Female
20080116_09_IFNAR1_PAM3_InVitro__0720_____BMDM_F_B_DZ_Std.CEL	BMDM_IFNAR1-null_PAM3_0720___Female
20080116_10_IFNAR1_PIC_InVitro__0720_____BMDM_F_B_DZ_Std.CEL	BMDM_IFNAR1-null_Poly-IC_0720___Female
20080116_11_IFNAR1_PAM3_InVitro__0720_PIC_InVivo__0720_BMDM_.CEL	BMDM_IFNAR1-null_PAM3_0720_Poly-IC_0720_Female
20080219_08_IRF1_LPS_InVitro__0240_____BMDM_F_CF_DZ_Std_.CEL	BMDM_IRF1-null_LPS_0240___Female
20080219_09_IRF1_PAM3_InVitro__0240_____BMDM_F_CF_DZ_Std_.CEL	BMDM_IRF1-null_PAM3_0240___Female
20080219_10_IRF1_PIC_InVitro__0240_____BMDM_F_CF_DZ_Std_.CEL	BMDM_IRF1-null_Poly-IC_0240___Female
20080219_11_IRF1_LPS_InVitro__0240_____BMDM_F_CB_DZ_Std_.CEL	BMDM_IRF1-null_LPS_0240___Female
20080219_12_IRF1_PAM3_InVitro__0240_____BMDM_F_CB_DZ_Std_.CEL	BMDM_IRF1-null_PAM3_0240___Female
20080220_01_IRF1_PIC_InVitro__0240_____BMDM_F_CB_DZ_Std_.CEL	BMDM_IRF1-null_Poly-IC_0240___Female
20080220_02_IFNAR1_LPS_InVitro__0240_____BMDM_F_A_DZ_Std_.CEL	BMDM_IFNAR1-null_LPS_0240___Female
20080220_03_IFNAR1_PAM3_InVitro__0240_____BMDM_F_A_DZ_Std_.CEL	BMDM_IFNAR1-null_PAM3_0240___Female
20080220_04_IFNAR1_PIC_InVitro__0240_____BMDM_F_A_DZ_Std_.CEL	BMDM_IFNAR1-null_Poly-IC_0240___Female
20080220_05_IFNAR1_PAM3_InVitro__0240_PIC_InVitro__0240_BMDM.CEL	BMDM_IFNAR1-null_PAM3_0240_Poly-IC_0240_Female
20080220_06_IFNAR1_LPS_InVitro__0240_____BMDM_F_B_DZ_Std_.CEL	BMDM_IFNAR1-null_LPS_0240___Female
20080220_07_IFNAR1_PAM3_InVitro__0240_____BMDM_F_B_DZ_Std_.CEL	BMDM_IFNAR1-null_PAM3_0240___Female
20080220_08_IFNAR1_PIC_InVitro__0240_____BMDM_F_B_DZ_Std_.CEL	BMDM_IFNAR1-null_Poly-IC_0240___Female
20080220_09_IFNAR1_PAM3_InVitro__0240_PIC_InVitro__0240_BMDM.CEL	BMDM_IFNAR1-null_PAM3_0240_Poly-IC_0240_Female
20080324_01_IRF3_________BMDM_F_CI_DZ_Std_.CEL	BMDM_IRF3-null_____Female
20080324_02_IRF3_PAM3_InVitro__0720_____BMDM_F_CI_DZ_Std_.CEL	BMDM_IRF3-null_PAM3_0720___Female
20080324_03_IRF3_PIC_InVitro__0720_____BMDM_F_CI_DZ_Std_.CEL	BMDM_IRF3-null_Poly-IC_0720___Female
20080324_04_IRF3_PAM3_InVitro__0720_PIC_InVitro__0720_BMDM_F.CEL	BMDM_IRF3-null_PAM3_0720_Poly-IC_0720_Female
20080324_05_Bl6_Ifng_InVitro__0240_____BMDM_F_CC_DZ_Std_.CEL	BMDM_Bl6_Ifn-gamma_0240___Female
20080324_06_Bl6_Ifng_InVitro__0240_____BMDM_F_BM_DZ_Std_.CEL	BMDM_Bl6_Ifn-gamma_0240___Female
20080324_10_Bl6_PAM3_InVitro__0240_PIC_InVitro__0240_BMDM_F_.CEL	BMDM_Bl6_PAM3_0240_Poly-IC_0240_Female
20080324_11_Bl6_PAM3_InVitro__0240_PIC_InVitro__0240_BMDM_F_.CEL	BMDM_Bl6_PAM3_0240_Poly-IC_0240_Female
20080324_12_Bl6_PAM3_InVitro__0720_PIC_InVitro__0720_BMDM_F_.CEL	BMDM_Trif-null_PAM3_0720_Poly-IC_0720_Female
20080324_12_Bl6_PAM3_InVitro__0720_PIC_InVitro__0720_BMDM_F_.CEL	BMDM_Trif-null_PAM3_0720_Poly-IC_0720_Male
20080326_01_IRF3_LPS_InVitro__0720_____BMDM_F_CI_DZ_Std_.CEL	BMDM_IRF3-null_LPS_0720___Female
20080326_03_IRF1_Ifng_InVitro__0240_____BMDM_F_CB_DZ_Std_.CEL	BMDM_IRF1-null_Ifn-gamma_0240___Female
20080326_04_IRF1_Ifng_InVitro__0240_____BMDM_F_BL_DZ_Std_.CEL	BMDM_IRF1-null_Ifn-gamma_0240___Female
20080326_07_IRF1_PAM3_InVitro__0240_PIC_InVitro__0240_BMDM_F.CEL	BMDM_IRF1-null_PAM3_0240_Poly-IC_0240_Female
20080414_01_IRF3_________BMDM_F_CN_DZ_Std_.CEL	BMDM_IRF3-null_____Female
20080414_02_IRF3_LPS_InVitro__0720_____BMDM_F_CN_DZ_Std_.CEL	BMDM_IRF3-null_LPS_0720___Female
20080414_03_IRF3_PAM3_InVitro__0720_____BMDM_F_CN_DZ_Std_.CEL	BMDM_IRF3-null_PAM3_0720___Female
20080414_04_IRF3_PIC_InVitro__0720_____BMDM_F_CN_DZ_Std_.CEL	BMDM_IRF3-null_Poly-IC_0720___Female
20080414_05_IRF3_PAM3_InVitro__0720_PIC_InVitro__0720_BMDM_F.CEL	BMDM_IRF3-null_PAM3_0720_Poly-IC_0720_Female
20080414_06_IRF3_________BMDM_F_CP_DZ_Std_.CEL	BMDM_IRF3-null_____Female
20080414_07_IRF3_LPS_InVitro__0720_____BMDM_F_CP_DZ_Std_.CEL	BMDM_IRF3-null_LPS_0720___Female
20080414_08_IRF3_PAM3_InVitro__0720_____BMDM_F_CP_DZ_Std_.CEL	BMDM_IRF3-null_PAM3_0720___Female
20080414_09_IRF3_PIC_InVitro__0720_____BMDM_F_CP_DZ_Std_.CEL	BMDM_IRF3-null_Poly-IC_0720___Female
20080414_10_IRF3_PAM3_InVitro__0720_PIC_InVitro__0720_BMDM_F.CEL	BMDM_IRF3-null_PAM3_0720_Poly-IC_0720_Female
20080501_01_Bl6_Unstim_InVitro__0240_____DC_M_AA_CR_Std_.CEL	Dendritic-Cell_Bl6_Unstimulated_0240___Male
20080501_02_Bl6_Unstim_InVitro__0480_____DC_M_AA_CR_Std_.CEL	Dendritic-Cell_Bl6_Unstimulated_0480___Male
20080501_03_Bl6_Flu_InVitro__0240_____DC_F_AA_CR_Std_.CEL	Dendritic-Cell_Bl6_PR8-influenza_0240___Male
20080501_04_Bl6_Flu_InVitro__0480_____DC_F_AA_CR_Std_.CEL	Dendritic-Cell_Bl6_PR8-influenza_0480___Male
20080501_05_Bl6_PIC_InVitro__0240_____DC_F_AA_CR_Std_.CEL	Dendritic-Cell_Bl6_Poly-IC_0240___Male
20080501_06_Bl6_PIC_InVitro__0480_____DC_F_AA_CR_Std_.CEL	Dendritic-Cell_Bl6_Poly-IC_0480___Male
20080501_07_Bl6_R848_InVitro__0240_____DC_F_AA_CR_Std_.CEL	Dendritic-Cell_Bl6_R848_0240___Male
20080501_08_Bl6_R848_InVitro__0480_____DC_F_AA_CR_Std_.CEL	Dendritic-Cell_Bl6_R848_0480___Male
20080501_09_Bl6_LPS_InVitro__0240_____DC_F_AA_CR_Std_.CEL	Dendritic-Cell_Bl6_LPS_0240___Male
20080501_10_Bl6_LPS_InVitro__0480_____DC_F_AA_CR_Std_.CEL	Dendritic-Cell_Bl6_LPS_0480___Male
20080501_11_Myd88_Flu_InVitro__0240_____DC_F_AC_CR_Std_.CEL	Dendritic-Cell_Myd88-null_PR8-influenza_0240___Male
20080501_12_Myd88_Flu_InVitro__0480_____DC_F_AC_CR_Std_.CEL	Dendritic-Cell_Myd88-null_PR8-influenza_0480___Male
20080508_03_Myd88_Unstim_InVitro__0240_____DC_M_AC_CR_Std_.CEL	Dendritic-Cell_Myd88-null_Unstimulated_0240___Male
20080508_04_Myd88_Unstim_InVitro__0480_____DC_M_AC_CR_Std_.CEL	Dendritic-Cell_Myd88-null_Unstimulated_0480___Male
20080508_05_Bl6_Unstim_InVitro__0240_____DC_M_AH_CR_Std_.CEL	Dendritic-Cell_Bl6_Unstimulated_0240___Male
20080508_06_Bl6_Flu_InVitro__0240_____DC_M_AH_CR_Std_.CEL	Dendritic-Cell_Bl6_PR8-influenza_0240___Male
20080508_07_Bl6_PIC_InVitro__0240_____DC_M_AH_CR_Std_.CEL	Dendritic-Cell_Bl6_Poly-IC_0240___Male
20080508_08_Bl6_R848_InVitro__0240_____DC_M_AH_CR_Std_.CEL	Dendritic-Cell_Bl6_R848_0240___Male
20080508_09_Bl6_LPS_InVitro__0240_____DC_M_AH_CR_Std_.CEL	Dendritic-Cell_Bl6_LPS_0240___Male
20080508_10_Bl6_Unstim_InVitro__0240_____DC_M_AM_CR_Std_.CEL	Dendritic-Cell_Bl6_Unstimulated_0240___Male
20080508_11_Bl6_Flu_InVitro__0240_____DC_M_AM_CR_Std_.CEL	Dendritic-Cell_Bl6_PR8-influenza_0240___Male
20080508_12_Bl6_PIC_InVitro__0240_____DC_M_AM_CR_Std_.CEL	Dendritic-Cell_Bl6_Poly-IC_0240___Male
20080512_01_Bl6_LPS_InVitro__0240_____DC_M_AM_CR_Std_.CEL	Dendritic-Cell_Bl6_LPS_0240___Male
20080512_02_Bl6_Unstim_InVitro__0480_____DC_M_AH_CR_Std_.CEL	Dendritic-Cell_Bl6_Unstimulated_0480___Male
20080512_03_Bl6_Flu_InVitro__0480_____DC_M_AH_CR_Std_.CEL	Dendritic-Cell_Bl6_PR8-influenza_0480___Male
20080512_04_Bl6_PIC_InVitro__0480_____DC_M_AH_CR_Std_.CEL	Dendritic-Cell_Bl6_Poly-IC_0480___Male
20080512_05_Bl6_R848_InVitro__0480_____DC_M_AH_CR_Std_.CEL	Dendritic-Cell_Bl6_R848_0480___Male
20080512_06_Bl6_LPS_InVitro__0480_____DC_M_AH_CR_Std_.CEL	Dendritic-Cell_Bl6_LPS_0480___Male
20080512_07_Bl6_Unstim_InVitro__0480_____DC_M_AM_CR_Std_.CEL	Dendritic-Cell_Bl6_Unstimulated_0480___Male
20080512_08_Bl6_Flu_InVitro__0480_____DC_M_AM_CR_Std_.CEL	Dendritic-Cell_Bl6_PR8-influenza_0480___Male
20080512_09_Bl6_PIC_InVitro__0480_____DC_M_AM.CEL	Dendritic-Cell_Bl6_Poly-IC_0480___Male
20080515_01_Bl6_LPS_InVitro__0480_____DC_M_AM_CR_Std_.CEL	Dendritic-Cell_Bl6_LPS_0480___Male
20080519_03_IRF1_LPS_InVitro__0720_____BMDM_F_CF_DZ_Std_.CEL	BMDM_IRF1-null_LPS_0720___Female
20080519_03_IRF1_LPS_InVitro__0720_____BMDM_F_CF_DZ_Std_.CEL	BMDM_IRF1-null_LPS_0720___Male
20080519_04_IRF1_PAM3_InVitro__0720_____BMDM_F_CF_DZ_Std_.CEL	BMDM_IRF1-null_PAM3_0720___Female
20080519_04_IRF1_PAM3_InVitro__0720_____BMDM_F_CF_DZ_Std_.CEL	BMDM_IRF1-null_PAM3_0720___Male
20080519_05_IRF1_PIC_InVitro__0720_____BMDM_F_CF_DZ_Std_.CEL	BMDM_IRF1-null_Poly-IC_0720___Female
20080519_05_IRF1_PIC_InVitro__0720_____BMDM_F_CF_DZ_Std_.CEL	BMDM_IRF1-null_Poly-IC_0720___Male
20080519_06_IRF1_________BMDM_F_CF_DZ_Std_.CEL	BMDM_IRF1-null_____Female
20080519_06_IRF1_________BMDM_F_CF_DZ_Std_.CEL	BMDM_IRF1-null_____Male
20080519_07_IRF1_PAM3_InVitro__0720_PIC_InVitro__0720_BMDM_F.CEL	BMDM_IRF1-null_PAM3_0720_Poly-IC_0720_Female
20080519_07_IRF1_PAM3_InVitro__0720_PIC_InVitro__0720_BMDM_F.CEL	BMDM_IRF1-null_PAM3_0720_Poly-IC_0720_Male
20080519_08_IRF1_PAM3_InVitro__0720_PIC_InVitro__0720_BMDM_F.CEL	BMDM_IRF1-null_PAM3_0720_Poly-IC_0720_Female
20080519_08_IRF1_PAM3_InVitro__0720_PIC_InVitro__0720_BMDM_F.CEL	BMDM_IRF1-null_PAM3_0720_Poly-IC_0720_Male
20080724_03_Myd88_Unstim_InVitro__0240_____DC_M_AI_CR_Std_.CEL	Dendritic-Cell_Myd88-null_Unstimulated_0240___Male
20080724_04_Myd88_Flu_InVitro__0240_____DC_M_AI_CR_Std_.CEL	Dendritic-Cell_Myd88-null_PR8-influenza_0240___Male
20080724_05_Myd88_LPS_InVitro__0240_____DC_M_AI_CR_Std_.CEL	Dendritic-Cell_Myd88-null_LPS_0240___Male
20080724_06_Myd88_Unstim_InVitro__0480_____DC_M_AI_CR_Std_.CEL	Dendritic-Cell_Myd88-null_Unstimulated_0480___Male
20080724_07_Myd88_Flu_InVitro__0480_____DC_M_AI_CR_Std_.CEL	Dendritic-Cell_Myd88-null_PR8-influenza_0480___Male
20080724_08_Myd88_LPS_InVitro__0480_____DC_M_AI_CR_Std_.CEL	Dendritic-Cell_Myd88-null_LPS_0480___Male
20080724_09_Myd88_LPS_InVitro__0240_____DC_M_AS_CR_Std_.CEL	Dendritic-Cell_Myd88-null_LPS_0240___Male
20080724_10_Myd88_Flu_InVitro__0480_____DC_M_AS_CR_Std_.CEL	Dendritic-Cell_Myd88-null_PR8-influenza_0480___Male
20080804_01_Myd88_Unstim_InVitro__0240_____DC_M_AS_CR_Std_.CEL	Dendritic-Cell_Myd88-null_Unstimulated_0240___Male
20080804_02_Myd88_Flu_InVitro__0240_____DC_M_AS_CR_Std_.CEL	Dendritic-Cell_Myd88-null_PR8-influenza_0240___Male
20080804_03_Myd88_Unstim_InVitro__0480_____DC_M_AS_CR_Std_.CEL	Dendritic-Cell_Myd88-null_Unstimulated_0480___Male
20080804_04_Myd88_LPS_InVitro__0480_____DC_M_AS_CR_Std_.CEL	Dendritic-Cell_Myd88-null_LPS_0480___Male
20080804_05_Myd88_LPS_InVitro__0240_____DC_M_AC_CR_Std_.CEL	Dendritic-Cell_Myd88-null_LPS_0240___Male
20080804_06_Myd88_LPS_InVitro__0480_____DC_M_AC_CR_Std_.CEL	Dendritic-Cell_Myd88-null_LPS_0480___Male
20080814_01_IRF1_Unstim_InVitro__0480_____DC_M_AE_CR_Std_.CEL	Dendritic-Cell_IRF1-null_Unstimulated_0480___Male
20080814_02_IRF1_Flu_InVitro__0480_____DC_M_AE_CR_Std_.CEL	Dendritic-Cell_IRF1-null_PR8-influenza_0480___Male
20080814_03_IRF1_PIC_InVitro__0480_____DC_M_AE_CR_Std_.CEL	Dendritic-Cell_IRF1-null_Poly-IC_0480___Male
20080814_04_IRF1_LPS_InVitro__0480_____DC_M_AE_CR_Std_.CEL	Dendritic-Cell_IRF1-null_LPS_0480___Male
20080814_05_IRF1_R848_InVitro__0480_____DC_M_AE_CR_Std_.CEL	Dendritic-Cell_IRF1-null_R848_0480___Male
20080814_06_IRF1_Unstim_InVitro__0480_____DC_M_AP_CR_Std_.CEL	Dendritic-Cell_IRF1-null_Unstimulated_0480___Male
20080814_07_IRF1_Flu_InVitro__0480_____DC_M_AP_CR_Std_.CEL	Dendritic-Cell_IRF1-null_PR8-influenza_0480___Male
20080814_08_IRF1_PIC_InVitro__0480_____DC_M_AP_CR_Std_.CEL	Dendritic-Cell_IRF1-null_Poly-IC_0480___Male
20080814_09_IRF1_LPS_InVitro__0480_____DC_M_AP_CR_Std_.CEL	Dendritic-Cell_IRF1-null_LPS_0480___Male
20080814_10_IRF1_R848_InVitro__0480_____DC_M_AP_CR_Std_.CEL	Dendritic-Cell_IRF1-null_R848_0480___Male
20080814_11_IRF1_Unstim_InVitro__0480_____DC_M_AU_CR_Std_.CEL	Dendritic-Cell_IRF1-null_Unstimulated_0480___Male
20080814_12_IRF1_Flu_InVitro__0480_____DC_M_AU_CR_Std_.CEL	Dendritic-Cell_IRF1-null_PR8-influenza_0480___Male
20080818_03_IRF1_PIC_InVitro__0480_____DC_M_AU_CR_Std_.CEL	Dendritic-Cell_IRF1-null_Poly-IC_0480___Male
20080818_04_IRF1_LPS_InVitro__0480_____DC_M_AU_CR_Std_.CEL	Dendritic-Cell_IRF1-null_LPS_0480___Male
20080818_05_IRF3_Unstim_InVitro__0480_____DC_M_AL_CR_Std_.CEL	Dendritic-Cell_IRF3-null_Unstimulated_0480___Male
20080818_06_IRF3_Flu_InVitro__0480_____DC_M_AL_CR_Std_.CEL	Dendritic-Cell_IRF3-null_PR8-influenza_0480___Male
20080818_09_IRF3_Unstim_InVitro__0480_____DC_M_AQ_CR_Std_.CEL	Dendritic-Cell_IRF3-null_Unstimulated_0480___Male
20080818_11_IRF3_PIC_InVitro__0480_____DC_M_AQ_CR_Std_.CEL	Dendritic-Cell_IRF3-null_Poly-IC_0480___Male
20080818_12_IRF3_LPS_InVitro__0480_____DC_M_AQ_CR_Std_.CEL	Dendritic-Cell_IRF3-null_LPS_0480___Male
20080818_13_IRF3_Unstim_InVitro__0480_____DC_M_AV_CR_Std_.CEL	Dendritic-Cell_IRF3-null_Unstimulated_0480___Male
20080818_14_IRF3_Flu_InVitro__0480_____DC_M_AV_CR_Std_.CEL	Dendritic-Cell_IRF3-null_PR8-influenza_0480___Male
20080818_15_IRF3_PIC_InVitro__0480_____DC_M_AV_CR_Std_.CEL	Dendritic-Cell_IRF3-null_Poly-IC_0480___Male
20080819_08_IRF3_PIC_InVitro__0480_____DC_M_AL_CR_Std_.CEL	Dendritic-Cell_IRF3-null_Poly-IC_0480___Male
20080819_09_IRF3_LPS_InVitro__0480_____DC_M_AL_CR_Std_.CEL	Dendritic-Cell_IRF3-null_LPS_0480___Male
20080819_10_Bl6_R848_InVitro__0240_PIC_InVitro__0240_DC_M_BM.CEL	Dendritic-Cell_Bl6_R848_0240_Poly-IC_0240_Male
20080819_11_Bl6_MALP2_InVitro__0240_PIC_InVitro__0240_DC_M_B.CEL	Dendritic-Cell_Bl6_MALP2_0240_Poly-IC_0240_Male
20080819_12_Bl6_R848_InVitro__0480_PIC_InVitro__0480_DC_M_BM.CEL	Dendritic-Cell_Bl6_R848_0480_Poly-IC_0480_Male
20080827_01_IRF3_Flu_InVitro__0480_____DC_M_AQ_CR_Std_.CEL	Dendritic-Cell_IRF3-null_PR8-influenza_0480___Male
20080827_02_IRF3_LPS_InVitro__0480_____DC_M_AV_CR_Std_.CEL	Dendritic-Cell_IRF3-null_LPS_0480___Male
20080827_03_Bl6_MALP2_InVitro__0480_PIC_InVitro__0480_DC_M_B.CEL	Dendritic-Cell_Bl6_MALP2_0480_Poly-IC_0480_Male
20080910_01_Bl6_Unstim_InVitro__0000__InVitro__0000_BMDM_F__.CEL	BMDM_Bl6_Unstimulated_0000___Female
20080910_01_Bl6_Unstim_InVitro__0000__InVitro__0000_BMDM_F__.CEL	BMDM_Bl6_Unstimulated_0000___Male
20080910_02_Bl6_L_amaz_InVitro__0060_____BMDM_F__NA_NStd_.CEL	BMDM_Bl6_Leishmania-amazonensis_0060___Male
20080910_03_Bl6_L_amaz_InVitro__0720_____BMDM_F__NA_Ulv_.CEL	BMDM_Bl6_Leishmania-amazonensis_0720___Male
20080910_04_Trif_Unstim_InVitro__0000_____BMDM_F__NA_NStd_.CEL	BMDM_Trif-null_Unstimulated_0000___Female
20080910_05_Trif_L_amaz_InVitro__0060_____BMDM_F__NA_NStd_.CEL	BMDM_Trif-null_Leishmania-amazonensis_0060___Female
20080910_06_Trif_L_amaz_InVitro__0720_____BMDM_F__NA_NStd_.CEL	BMDM_Trif-null_Leishmania-amazonensis_0720___Female
20080918_01_Bl6_SubstA_InVitro__0240__InVitro__0000_BMDM_F__.CEL	BMDM_Bl6_Harlan-Substance-A_0240___Female
20080918_02_Bl6_SubstA_InVitro__1440__InVitro__0000_BMDM_F__.CEL	BMDM_Bl6_Harlan-Substance-A_1440___Female
20080921_01_MyDTRIF_Unstim_InVitro__0240_____DC_M_BE_CR_Std_.CEL	Dendritic-Cell_MyD88-Trif-null_Unstimulated_0240___Male
20080921_02_MyDTRIF_Flu_InVitro__0240_____DC_M_BE_CR_Std_.CEL	Dendritic-Cell_MyD88-Trif-null_PR8-influenza_0240___Male
20080921_03_MyDTRIF_PIC_InVitro__0240_____DC_M_BE_CR_Std_.CEL	Dendritic-Cell_MyD88-Trif-null_Poly-IC_0240___Male
20080921_04_MyDTRIF_Unstim_InVitro__0480_____DC_M_BE_CR_Std_.CEL	Dendritic-Cell_MyD88-Trif-null_Unstimulated_0480___Male
20080921_05_MyDTRIF_Flu_InVitro__0480_____DC_M_BE_CR_Std_.CEL	Dendritic-Cell_MyD88-Trif-null_PR8-influenza_0480___Male
20080921_06_MyDTRIF_PIC_InVitro__0480_____DC_M_BE_CR_Std_.CEL	Dendritic-Cell_MyD88-Trif-null_Poly-IC_0480___Male
20080921_07_MyDTRIF_Unstim_InVitro__0240_____DC_M_BF_CR_Std_.CEL	Dendritic-Cell_MyD88-Trif-null_Unstimulated_0240___Male
20080921_08_MyDTRIF_Flu_InVitro__0240_____DC_M_BF_CR_Std_.CEL	Dendritic-Cell_MyD88-Trif-null_PR8-influenza_0240___Male
20080921_09_MyDTRIF_PIC_InVitro__0240_____DC_M_BF_CR_Std_.CEL	Dendritic-Cell_MyD88-Trif-null_Poly-IC_0240___Male
20080921_10_MyDTRIF_Unstim_InVitro__0480_____DC_M_BF_CR_Std_.CEL	Dendritic-Cell_MyD88-Trif-null_Unstimulated_0480___Male
20080921_11_MyDTRIF_Flu_InVitro__0480_____DC_M_BF_CR_Std_.CEL	Dendritic-Cell_MyD88-Trif-null_PR8-influenza_0480___Male
20080921_12_MyDTRIF_PIC_InVitro__0480_____DC_M_BF_CR_Std_.CEL	Dendritic-Cell_MyD88-Trif-null_Poly-IC_0480___Male
20080922_01_Bl6_SubstA_InVitro__0360_____BMDM_F__KK_Std_.CEL	BMDM_Bl6_Harlan-Substance-A_0360___Female
20080922_02_Bl6_SubstA_InVitro__0480_____BMDM_F__KK_Std_.CEL	BMDM_Bl6_Harlan-Substance-A_0480___Female
20080922_03_Bl6_SubstA_InVitro__0720_____BMDM_F__KK_Std_.CEL	BMDM_Bl6_Harlan-Substance-A_0720___Female
20080922_04_Bl6_SubstA_InVitro__1080_____BMDM_F__KK_Std_.CEL	BMDM_Bl6_Harlan-Substance-A_1080___Female
20080924_01_Bl6_FliCProfect_InVitro__0240_____BMDM_F_1_EM_St.CEL	BMDM_Bl6_FliCProfect_0240___Female
20080924_02_Bl6_FlgEProfect_InVitro__0240_____BMDM_F_1_EM_St.CEL	BMDM_Bl6_FlgEProfect_0240___Female
20080924_03_Bl6_FliCProfect_InVitro__0720_____BMDM_F__EM_Std.CEL	BMDM_Bl6_FliCProfect_0720___Female
20080924_04_Bl6_FlgEProfect_InVitro__0720_____BMDM_F__EM_Std.CEL	BMDM_Bl6_FlgEProfect_0720___Female
20080925_01_Bl6_PR8_InVivo__1080_____Lung_F_1_AB_NStd_.CEL	Lung_Bl6_PR8-influenza_1080___Female
20080925_02_Bl6_PR8_InVivo__1080__InVivo__0000_Lung_F_2_AB_N.CEL	Lung_Bl6_PR8-influenza_1080___Female
20080925_03_Bl6_PR8_InVivo__1080_____Lung_F_3_AB_NStd_.CEL	Lung_Bl6_PR8-influenza_1080___Female
20080925_04_Bl6_Unstim_InVivo__1080_____Lung_F_1_AB_NStd_.CEL	Lung_Bl6_Unstimulated_1080___Female
20080925_05_Bl6_Unstim_InVivo__1080_____Lung_F_2_AB_NStd_.CEL	Lung_Bl6_Unstimulated_1080___Female
20080925_06_Bl6_Unstim_InVivo__1080_____Lung_F_3_AB_NStd_.CEL	Lung_Bl6_Unstimulated_1080___Female
20081008_01_Bl6_R848_InVitro__0240_____DC_M_AW_CR_Std_.CEL	Dendritic-Cell_Bl6_R848_0240___Male
20081008_02_Bl6_R848_InVitro__0480_____DC_M_AW_CR_Std_.CEL	Dendritic-Cell_Bl6_R848_0480___Male
20081008_03_MyDTRIF_Unstim_InVitro__0240_____DC_M_BN_CR_Std_.CEL	Dendritic-Cell_MyD88-Trif-null_Unstimulated_0240___Male
20081008_04_MyDTRIF_Unstim_InVitro__0480_____DC_M_BN_CR_Std_.CEL	Dendritic-Cell_MyD88-Trif-null_Unstimulated_0480___Male
20081008_05_MyDTRIF_Flu_InVitro__0240_____DC_M_BN_CR_Std_.CEL	Dendritic-Cell_MyD88-Trif-null_PR8-influenza_0240___Male
20081008_06_MyDTRIF_Flu_InVitro__0480_____DC_M_BN_CR_Std_.CEL	Dendritic-Cell_MyD88-Trif-null_PR8-influenza_0480___Male
20081008_07_MyDTRIF_PIC_InVitro__0240_____DC_M_BN_CR_Std_.CEL	Dendritic-Cell_MyD88-Trif-null_Poly-IC_0240___Male
20081008_08_MyDTRIF_PIC_InVitro__0480_____DC_M_BN_CR_Std_.CEL	Dendritic-Cell_MyD88-Trif-null_Poly-IC_0480___Male
20081013_01_IFNAR1_Unstim_InVitro__0240_____DC_M_BS_CR_Std_.CEL	Dendritic-Cell_IFNAR1-null_Unstimulated_0240___Male
20081013_02_IFNAR1_Flu_InVitro__0240_____DC_M_BS_CR_Std_.CEL	Dendritic-Cell_IFNAR1-null_PR8-influenza_0240___Male
20081013_03_IFNAR1_PIC_InVitro__0240_____DC_M_BS_CR_Std_.CEL	Dendritic-Cell_IFNAR1-null_Poly-IC_0240___Male
20081013_04_IFNAR1_R848_InVitro__0240_____DC_M_BS_CR_Std_.CEL	Dendritic-Cell_IFNAR1-null_R848_0240___Male
20081013_05_IFNAR1_LPS_InVitro__0240_____DC_M_BS_CR_Std_.CEL	Dendritic-Cell_IFNAR1-null_LPS_0240___Male
20081013_06_IFNAR1_Unstim_InVitro__0480_____DC_M_BS_CR_Std_.CEL	Dendritic-Cell_IFNAR1-null_Unstimulated_0480___Male
20081013_07_IFNAR1_Flu_InVitro__0480_____DC_M_BS_CR_Std_.CEL	Dendritic-Cell_IFNAR1-null_PR8-influenza_0480___Male
20081013_08_IFNAR1_PIC_InVitro__0480_____DC_M_BS_CR_Std_.CEL	Dendritic-Cell_IFNAR1-null_Poly-IC_0480___Male
20081013_09_IFNAR1_R848_InVitro__0480_____DC_M_BS_CR_Std_.CEL	Dendritic-Cell_IFNAR1-null_R848_0480___Male
20081013_10_IFNAR1_LPS_InVitro__0480_____DC_M_BS_CR_Std_.CEL	Dendritic-Cell_IFNAR1-null_LPS_0480___Male
20081014_01_IFNAR1_Unstim_InVitro__0240_____DC_M_BR_CR_Std_.CEL	Dendritic-Cell_IFNAR1-null_Unstimulated_0240___Male
20081014_02_IFNAR1_Flu_InVitro__0240_____DC_M_BR_CR_Std_.CEL	Dendritic-Cell_IFNAR1-null_PR8-influenza_0240___Male
20081014_03_IFNAR1_PIC_InVitro__0240_____DC_M_BR_CR_Std_.CEL	Dendritic-Cell_IFNAR1-null_Poly-IC_0240___Male
20081014_04_IFNAR1_R848_InVitro__0240_____DC_M_BR_CR_Std_.CEL	Dendritic-Cell_IFNAR1-null_R848_0240___Male
20081014_05_IFNAR1_LPS_InVitro__0240_____DC_M_BR_CR_Std_.CEL	Dendritic-Cell_IFNAR1-null_LPS_0240___Male
20081014_06_IFNAR1_Unstim_InVitro__0480_____DC_M_BR_CR_Std_.CEL	Dendritic-Cell_IFNAR1-null_Unstimulated_0480___Male
20081014_07_IFNAR1_Flu_InVitro__0480_____DC_M_BR_CR_Std_.CEL	Dendritic-Cell_IFNAR1-null_PR8-influenza_0480___Male
20081014_08_IFNAR1_PIC_InVitro__0480_____DC_M_BR_CR_Std_.CEL	Dendritic-Cell_IFNAR1-null_Poly-IC_0480___Male
20081014_09_IFNAR1_R848_InVitro__0480_____DC_M_BR_CR_Std_.CEL	Dendritic-Cell_IFNAR1-null_R848_0480___Male
20081014_10_IFNAR1_LPS_InVitro__0480_____DC_M_BR_CR_Std_.CEL	Dendritic-Cell_IFNAR1-null_LPS_0480___Male
20081015_01_IFNAR1_Unstim_InVitro__0240_____DC_M_BV_CR_Std_.CEL	Dendritic-Cell_IFNAR1-null_Unstimulated_0240___Male
20081015_02_IFNAR1_Flu_InVitro__0240_____DC_M_BV_CR_Std_.CEL	Dendritic-Cell_IFNAR1-null_PR8-influenza_0240___Male
20081015_03_IFNAR1_PIC_InVitro__0240_____DC_M_BV_CR_Std_.CEL	Dendritic-Cell_IFNAR1-null_Poly-IC_0240___Male
20081015_04_IFNAR1_R848_InVitro__0240_____DC_M_BV_CR_Std_.CEL	Dendritic-Cell_IFNAR1-null_R848_0240___Male
20081015_05_IFNAR1_LPS_InVitro__0240_____DC_M_BV_CR_Std_.CEL	Dendritic-Cell_IFNAR1-null_LPS_0240___Male
20081015_06_IFNAR1_Unstim_InVitro__0480_____DC_M_BV_CR_Std_.CEL	Dendritic-Cell_IFNAR1-null_Unstimulated_0480___Male
20081015_07_IFNAR1_Flu_InVitro__0480_____DC_M_BV_CR_Std_.CEL	Dendritic-Cell_IFNAR1-null_PR8-influenza_0480___Male
20081015_08_IFNAR1_PIC_InVitro__0480_____DC_M_BV_CR_Std_.CEL	Dendritic-Cell_IFNAR1-null_Poly-IC_0480___Male
20081015_09_IFNAR1_R848_InVitro__0480_____DC_M_BV_CR_Std_.CEL	Dendritic-Cell_IFNAR1-null_R848_0480___Male
20081021_15_IFNAR1_LPS_InVitro__0480_____DC_M_BV_CR_Std_.CEL	Dendritic-Cell_IFNAR1-null_LPS_0480___Male
20081103_01_0.25ng-ml_LPS-0.5hr.CEL	BMDM_Bl6_LPS_0240___Female
20081113_08_Bl6_salmonella.wt_InVitro_MOI15_0240_____BMDM_F_.CEL	BMDM_Bl6_salmonella.wt_0240___Female
20081113_09_Bl6_salmonella.wt_InVitro_MOI15_0480_____BMDM_F_.CEL	BMDM_Bl6_salmonella.wt_0480___Female
20081113_10_Bl6_salmonella.wt_InVitro_MOI15_0720_____BMDM_F_.CEL	BMDM_Bl6_salmonella.wt_0720___Female
20081117_01_Mx1_PR8_InVivo__0000_____Lung_F_1_AB_Std_.CEL	Lung_Mx1-+/+_PR8-influenza_0000___Female
20081117_02_Mx1_PR8_InVivo__0000_____Lung_F_2_AB_Std_.CEL	Lung_Mx1-+/+_PR8-influenza_0000___Female
20081117_03_Mx1_PR8_InVivo__0000_____Lung_F_3_AB_Std_.CEL	Lung_Mx1-+/+_PR8-influenza_0000___Female
20081117_04_Mx1_Mock_InVivo__0000_____Lung_F_1_AB_Std_.CEL	Lung_Mx1-+/+_Mock-infected_0000___Female
20081117_05_Mx1_Mock_InVivo__0000_____Lung_F_2_AB_Std_.CEL	Lung_Mx1-+/+_Mock-infected_0000___Female
20081117_06_Mx1_Mock_InVivo__0000_____Lung_F_3_AB_Std_.CEL	Lung_Mx1-+/+_Mock-infected_0000___Female
20081117_07_Bl6_PR8_InVivo__0000_____Lung_F_1_AB_Std_.CEL	Lung_Bl6_PR8-influenza_0000___Female
20081117_08_Bl6_PR8_InVivo__0000_____Lung_F_2_AB_Std_.CEL	Lung_Bl6_PR8-influenza_0000___Female
20081117_09_Bl6_PR8_InVivo__0000_____Lung_F_3_AB_Std_.CEL	Lung_Bl6_PR8-influenza_0000___Female
20081117_10_Bl6_Mock_InVivo__0000_____Lung_F_1_AB_Std_.CEL	Lung_Bl6_Mock-infected_0000___Female
20081117_11_Bl6_Mock_InVivo__0000_____Lung_F_2_AB_Std_.CEL	Lung_Bl6_Mock-infected_0000___Female
20081117_12_Bl6_Mock_InVivo__0000_____Lung_F_3_AB_Std_.CEL	Lung_Bl6_Mock-infected_0000___Female
20081124_01_Bl6_Ifng_InVitro__1440_Est_InVitro__1440_BMDM_F_.CEL	BMDM_Bl6_Ifn-gamma_1440_Estradiol_1440_Female
20081124_02_Bl6_Est_InVitro__1440_____BMDM_F_A_LG_Std_.CEL	BMDM_Bl6_Estradiol_1440___Female
20081208_01_DicerPlusLyszCre_Unstim_InVitro__0000_____BMDM_M.CEL	BMDM_Dicer-fl/+-LyszCre+/-_Unstimulated_0000___Male
20081208_02_DicerPlusLyszCre_Unstim_InVitro__0000_____BMDM_M.CEL	BMDM_Dicer-fl/+-LyszCre+/-_Unstimulated_0000___Male
20081208_03_DicerPlusLyszCre_Unstim_InVitro__0000_____BMDM_M.CEL	BMDM_Dicer-fl/+-LyszCre+/-_Unstimulated_0000___Male
20081208_04_DicerLyszCre_Unstim_InVitro__0000_____BMDM_M_1_J.CEL	BMDM_Dicer-fl/fl-LyszCre+/-_Unstimulated_0000___Male
20081208_05_DicerLyszCre_Unstim_InVitro__0000_____BMDM_M_2_J.CEL	BMDM_Dicer-fl/fl-LyszCre+/-_Unstimulated_0000___Male
20081208_06_DicerLyszCre_Unstim_InVitro__0000_____BMDM_M_3_J.CEL	BMDM_Dicer-fl/fl-LyszCre+/-_Unstimulated_0000___Male
20081208_07_MyDTRIF_salmonella.wt_InVitro_MOI15_0240_____BMD.CEL	BMDM_MyD88-Trif-null_salmonella.wt_0240___Female
20081208_08_MyDTRIF_salmonella.wt_InVitro_MOI15_0480_____BMD.CEL	BMDM_MyD88-Trif-null_salmonella.wt_0480___Female
20081208_09_MyDTRIF_salmonella.wt_InVitro_MOI15_0720_____BMD.CEL	BMDM_MyD88-Trif-null_salmonella.wt_0720___Female
20081208_10_MyDTRIF_salmonella.wt_InVitro_MOI15_0240_____BMD.CEL	BMDM_MyD88-Trif-null_salmonella.wt_0240___Female
20081208_11_MyDTRIF_salmonella.wt_InVitro_MOI15_0480_____BMD.CEL	BMDM_MyD88-Trif-null_salmonella.wt_0480___Female
20081208_12_MyDTRIF_salmonella.wt_InVitro_MOI15_0720_____BMD.CEL	BMDM_MyD88-Trif-null_salmonella.wt_0720___Female
20081211_01_Cebpd_LPS_InVitro__0060_____BMDM_F__VL_Std_.CEL	BMDM_Cebp/d-null_LPS_0060___Female
20081211_02_Cebpd_LPS_InVitro__0240_____BMDM_F__VL_Std_.CEL	BMDM_Cebp/d-null_LPS_0240___Female
20081211_03_Cebpd_LPS_InVitro__0720_____BMDM_F__VL_Std_.CEL	BMDM_Cebp/d-null_LPS_0720___Female
20081211_04_Cebpd_PAM3_InVitro__0060_____BMDM_F__VL_Std_.CEL	BMDM_Cebp/d-null_PAM3_0060___Female
20081211_05_Cebpd_PAM3_InVitro__0240_____BMDM_F__VL_Std_.CEL	BMDM_Cebp/d-null_PAM3_0240___Female
20081211_06_Cebpd_PAM3_InVitro__0720_____BMDM_F__VL_Std_.CEL	BMDM_Cebp/d-null_PAM3_0720___Female
20081211_07_Cebpd_PIC_InVitro__0240_____BMDM_F__VL_Std_.CEL	BMDM_Cebp/d-null_Poly-IC_0240___Female
20081211_08_Cebpd_PIC_InVitro__0720_____BMDM_F__VL_Std_.CEL	BMDM_Cebp/d-null_Poly-IC_0720___Female
20081211_09_Cebpd_Unstim_InVitro__0000_____BMDM_F__CF_Std_.CEL	BMDM_Cebp/d-null_Unstimulated_0000___Female
20090105_01_Bl6_Unstim_InVitro__0000_____BMDM_F__JS_Std_.CEL	BMDM_Bl6_Unstimulated_0000___Female
20090105_01_Bl6_Unstim_InVitro__0000_____BMDM_F__JS_Std_.CEL	BMDM_Bl6_Unstimulated_0000___Male
20090105_02_Bl6_L_amaz_InVitro__0360_____BMDM_F__NA_Std_.CEL	BMDM_Bl6_Leishmania-amazonensis_0360___Male
20090105_03_Trif_Unstim_InVitro__0000_____BMDM_F__CR_Std_.CEL	BMDM_Trif-null_Unstimulated_0000___Female
20090105_04_Trif_L_amaz_InVitro__0360_____BMDM_F__NA_Std_.CEL	BMDM_Trif-null_Leishmania-amazonensis_0360___Female
20090105_05_Bl6_salmonella.wt_InVitro_MOI15_0240_____BMDM_F_.CEL	BMDM_Bl6_salmonella.wt_0240___Female
20090105_06_MyDTRIF_salmonella.wt_InVitro_MOI15_0240_____BMD.CEL	BMDM_MyD88-Trif-null_salmonella.wt_0240___Female
20090105_07_Bl6_salmonella.wt_InVitro_MOI15_0480_____BMDM_F_.CEL	BMDM_Bl6_salmonella.wt_0480___Female
20090105_08_MyDTRIF_salmonella.wt_InVitro_MOI15_0480_____BMD.CEL	BMDM_MyD88-Trif-null_salmonella.wt_0480___Female
20090105_09_Bl6_salmonella.wt_InVitro_MOI15_0720_____BMDM_F_.CEL	BMDM_Bl6_salmonella.wt_0720___Female
20090105_10_MyDTRIF_salmonella.wt_InVitro_MOI1_0720_____BMDM.CEL	BMDM_MyD88-Trif-null_salmonella.wt_0720___Female
20090112_01_Bl6_EtOH_InVitro__1440_____BMDM_F_A_LG_Std_.CEL	BMDM_Bl6_EtOH_1440___Female
20090112_02_Bl6_Est_InVitro__1440_____BMDM_F_A_LG_Std_.CEL	BMDM_Bl6_Estradiol_1440___Female
20090112_03_Bl6_Ifnb_InVitro__1440_____BMDM_F_A_LG_Std_.CEL	BMDM_Bl6_Ifn-beta_1440___Female
20090112_04_Bl6_Ifng_InVitro__1440_____BMDM_F_B_LG_Std_.CEL	BMDM_Bl6_Ifn-gamma_1440___Female
20090112_05_Bl6_Est_InVitro__1440_____BMDM_F_B_LG_Std_.CEL	BMDM_Bl6_Estradiol_1440___Female
20090112_06_Bl6_Ifnb_InVitro__1440_____BMDM_F_B_LG_Std_.CEL	BMDM_Bl6_Ifn-beta_1440___Female
20090112_07_Bl6_Est_InVitro__1440_Ifng_InVitro__1440_BMDM_F_.CEL	BMDM_Bl6_Estradiol_1440_Ifn-gamma_1440_Female
20090112_08_Bl6_EtOH_InVitro__1440_____BMDM_F_B_LG_Std_.CEL	BMDM_Bl6_EtOH_1440___Female
20090112_09_Bl6_Ifng_InVitro__1440_____BMDM_F_C_AB_Std_.CEL	BMDM_Bl6_Ifn-gamma_1440___Female
20090128_01_Bl6_salmonella.wt_InVitro_MOI15_0240_____BMDM_F_.CEL	BMDM_Bl6_salmonella.wt_0240___Female
20090128_02_Bl6_salmonella.wt_InVitro_MOI15_0480_____BMDM_F_.CEL	BMDM_Bl6_salmonella.wt_0480___Female
20090128_03_Bl6_salmonella.wt_InVitro_MOI15_0720_____BMDM_F_.CEL	BMDM_Bl6_salmonella.wt_0720___Female
20090128_04_Bl6_PR8_InVivo__0720_____Lung_F_1_AD_Std_.CEL	Lung_Bl6_PR8-influenza_0720___Female
20090128_05_Bl6_PR8_InVivo__0720_____Lung_F_2_AD_Std_.CEL	Lung_Bl6_PR8-influenza_0720___Female
20090128_06_Bl6_PR8_InVivo__0720_____Lung_F_3_AD_Std_.CEL	Lung_Bl6_PR8-influenza_0720___Female
20090128_07_Bl6_PR8_InVivo__0720_____Lung_F_4_AD_Std_.CEL	Lung_Bl6_PR8-influenza_0720___Female
20090128_08_Bl6_PR8_InVivo__0720_____Lung_F_5_AD_Std_.CEL	Lung_Bl6_PR8-influenza_0720___Female
20090128_09_Bl6_VN62_InVivo__0720_____Lung_F_1_AD_Std_.CEL	Lung_Bl6_VN62-influenza_0720___Female
20090128_10_Bl6_VN62_InVivo__0720_____Lung_F_2_AD_Std_.CEL	Lung_Bl6_VN62-influenza_0720___Female
20090128_11_Bl6_VN62_InVivo__0720_____Lung_F_3_AD_Std_.CEL	Lung_Bl6_VN62-influenza_0720___Female
20090128_12_Bl6_VN62_InVivo__0720_____Lung_F_4_AD_Std_.CEL	Lung_Bl6_VN62-influenza_0720___Female
20090129_01_Bl6_VN62_InVivo__0720_____Lung_F_5_AD_Std_.CEL	Lung_Bl6_VN62-influenza_0720___Female
20090129_02_Bl6_X31_InVivo__0720_____Lung_F_1_AD_Std_.CEL	Lung_Bl6_X31-influenza_0720___Female
20090129_03_Bl6_X31_InVivo__0720_____Lung_F_2_AD_Std_.CEL	Lung_Bl6_X31-influenza_0720___Female
20090129_04_Bl6_X31_InVivo__0720_____Lung_F_3_AD_Std_.CEL	Lung_Bl6_X31-influenza_0720___Female
20090129_05_Bl6_X31_InVivo__0720_____Lung_F_4_AD_Std_.CEL	Lung_Bl6_X31-influenza_0720___Female
20090129_06_Bl6_X31_InVivo__0720_____Lung_F_5_AD_Std_.CEL	Lung_Bl6_X31-influenza_0720___Female
20090129_07_Bl6_Mock_InVivo__0000_____Lung_F_1_AD_Std_.CEL	Lung_Bl6_Mock-infected_0000___Female
20090129_08_Bl6_Mock_InVivo__0000_____Lung_F_2_AD_Std_.CEL	Lung_Bl6_Mock-infected_0000___Female
20090129_09_Bl6_Mock_InVivo__0000_____Lung_F_3_AD_Std_.CEL	Lung_Bl6_Mock-infected_0000___Female
20090129_10_Bl6_Mock_InVivo__0000_____Lung_F_4_AD_Std_.CEL	Lung_Bl6_Mock-infected_0000___Female
20090129_11_Bl6_Mock_InVivo__0000_____Lung_F_5_AD_Std_.CEL	Lung_Bl6_Mock-infected_0000___Female
20090219_01_Bl6_Mock_InVitro__0000_____mTEC_F_1_AD_Std_.CEL	mTEC_Bl6_Mock-infected_0000___Female
20090219_02_Bl6_Mock_InVitro__0000_____mTEC_F_2_AD_Std_.CEL	mTEC_Bl6_Mock-infected_0000___Female
20090219_03_Bl6_PR8_InVitro__0720_____mTEC_F_1_AD_Std_.CEL	mTEC_Bl6_PR8-influenza_0720___Female
20090219_04_Bl6_X31_InVitro__0720_____mTEC_F_1_AD_Std_.CEL	mTEC_Bl6_X31-influenza_0720___Female
20090219_05_Bl6_VN62_InVitro__0720_____mTEC_F_1_AD_Std_.CEL	mTEC_Bl6_VN62-influenza_0720___Female
20090223_01_DicerPlusLyszCre_________BMDM_M_B_JS_Std_.CEL	BMDM_Dicer-fl/+-LyszCre+/-_____Male
20090223_02_DicerPlusLyszCre_________BMDM_M_2379_JS_Std_.CEL	BMDM_Dicer-fl/+-LyszCre+/-_____Male
20090223_03_Dicer_________BMDM_M_D31_JS_Std_.CEL	BMDM_Dicer-fl/fl_____Male
20090223_04_DicerLyszCre_________BMDM_M_R_JS_Std_.CEL	BMDM_Dicer-fl/fl-LyszCre+/-_____Male
20090223_05_DicerLyszCre_________BMDM_M_2375_JS_Std_.CEL	BMDM_Dicer-fl/fl-LyszCre+/-_____Male
20090223_06_DicerLyszCre_________BMDM_M_D7_JS_Std_.CEL	BMDM_Dicer-fl/fl-LyszCre+/-_____Male
20090223_07_DicerPlusLyszCre_LPS_InVitro__0360_____BMDM_M_B_.CEL	BMDM_Dicer-fl/+-LyszCre+/-_LPS_0360___Male
20090223_08_DicerPlusLyszCre_LPS_InVitro__0360_____BMDM_M_23.CEL	BMDM_Dicer-fl/+-LyszCre+/-_LPS_0360___Male
20090223_09_Dicer_LPS_InVitro__0360_____BMDM_M_D31_JS_Std_.CEL	BMDM_Dicer-fl/fl_LPS_0360___Male
20090223_10_DicerLyszCre_LPS_InVitro__0360_____BMDM_M_R_JS_S.CEL	BMDM_Dicer-fl/fl-LyszCre+/-_LPS_0360___Male
20090223_11_DicerLyszCre_LPS_InVitro__0360_____BMDM_M_2375_J.CEL	BMDM_Dicer-fl/fl-LyszCre+/-_LPS_0360___Male
20090223_12_DicerLyszCre_LPS_InVitro__0360_____BMDM_M_D7_JS_.CEL	BMDM_Dicer-fl/fl-LyszCre+/-_LPS_0360___Male
20090226_11_Bl6_PR8_InVivo__0720_____BMDM_F_1-NuGEN-repeat_A.CEL	Lung_Bl6_PR8-influenza_0720___Female
20090309_01_Bl6_LPS_InVitro_0.5ng-mL_60_0120_____BMDM_F_1_VL.CEL	BMDM_Bl6_LPS_0120___Female
20090309_02_Bl6_LPS_InVitro_0.5ng-mL_60_0180_____BMDM_F_1_VL.CEL	BMDM_Bl6_LPS_0180___Female
20090309_03_Bl6_LPS_InVitro_0.5ng-mL_60_0060_____BMDM_F_1_VL.CEL	BMDM_Bl6_LPS_0060___Female
20090309_04_Bl6_LPS_InVitro_0.5ng-mL_120_0120_____BMDM_F_1_V.CEL	BMDM_Bl6_LPS_0120___Female
20090309_05_Bl6_LPS_InVitro_0.5ng-mL_180_0180_____BMDM_F_1_V.CEL	BMDM_Bl6_LPS_0180___Female
20090309_06_Bl6_LPS_InVitro_5ng-ml_60_0120_____BMDM_F_1_VL_S.CEL	BMDM_Bl6_LPS_0120___Female
20090309_07_Bl6_LPS_InVitro_5ng-ml_60_0180_____BMDM_F_1_VL_S.CEL	BMDM_Bl6_LPS_0180___Female
20090309_08_Bl6_LPS_InVitro_5ng-ml_60_0060_____BMDM_F_1_VL_S.CEL	BMDM_Bl6_LPS_0060___Female
20090309_09_Bl6_LPS_InVitro_5ng-ml_60_0120_____BMDM_F_1_VL_S.CEL	BMDM_Bl6_LPS_0120___Female
20090309_10_Bl6_LPS_InVitro_5ng-ml_60_0180_____BMDM_F_1_VL_S.CEL	BMDM_Bl6_LPS_0180___Female
20090309_11_Bl6_Unstim_InVitro__0000_____BMDM_F_1_VL_Std_.CEL	BMDM_Bl6_Unstimulated_0000___Female
20090309_11_Bl6_Unstim_InVitro__0000_____BMDM_F_1_VL_Std_.CEL	BMDM_Bl6_Unstimulated_0000___Male
20090317_01_Bl6_Unstim_InVitro__0000_____BMDM_F_1_AB_Std_.CEL	BMDM_Bl6_Unstimulated_0000___Female
20090317_01_Bl6_Unstim_InVitro__0000_____BMDM_F_1_AB_Std_.CEL	BMDM_Bl6_Unstimulated_0000___Male
20090317_02_Trif_Unstim_InVitro__0000_____BMDM_F_1_VL_Std_.CEL	BMDM_CD200-null_Unstimulated_0000___Female
20090317_03_Bl6_L_amaz_InVitro__0060_____BMDM_F_1_NA_Std_.CEL	BMDM_Bl6_Leishmania-amazonensis_0060___Male
20090317_04_Bl6_L_amaz_InVitro__0360_____BMDM_F_1_NA_Std_.CEL	BMDM_Bl6_Leishmania-amazonensis_0360___Male
20090317_05_Trif_L_amaz_InVitro__0060_____BMDM_F_1_NA_Std_.CEL	BMDM_CD200-null_Leishmania-amazonensis_0060___Female
20090317_06_Trif_L_amaz_InVitro__0360_____BMDM_F_1_NA_Std_.CEL	BMDM_CD200-null_Leishmania-amazonensis_0360___Female
20090317_07_Bl6_LamJ_InVitro__0360_____BMDM_F_1_NA_Std_.CEL	BMDM_Bl6_Leishmania-major_0060___Female
20090317_08_Bl6_LamJ_InVitro__0060_____BMDM_F_1_NA_Std_.CEL	BMDM_Bl6_Leishmania-major_0360___Female
20090317_09_Trif_LamJ_InVitro__0060_____BMDM_F_1_NA_Std_.CEL	BMDM_CD200-null_Leishmania-major_0060___Female
20090317_10_Trif_LamJ_InVitro__0360_____BMDM_F_1_NA_Std_.CEL	BMDM_CD200-null_Leishmania-major_0360___Female
20090326_01_Bl6_Listeria_InVitro__0240_____BMDM_F_A_EM_NStd_.CEL	BMDM_Bl6_Listeria_0240___Female
20090326_02_Bl6_Listeria_InVitro__0480_____BMDM_F_A_EM_NStd_.CEL	BMDM_Bl6_Listeria_0480___Female
20090326_03_Bl6_Listeria_InVitro__0240_____BMDM_F_B_EM_NStd_.CEL	BMDM_Bl6_Listeria_0240___Female
20090326_04_Bl6_Listeria_InVitro__0480_____BMDM_F_B_EM_NStd_.CEL	BMDM_Bl6_Listeria_0480___Female
20090326_05_Bl6_Listeria_InVitro__0720_____BMDM_F_B_EM_NStd_.CEL	BMDM_Bl6_Listeria_0720___Female
20090414_01_Bl6_AC-LDL_InVitro__1440_____BMDM_F_A_LG_Std_.CEL	BMDM_Bl6_AC-LDL_1440___Female
20090415_01_Bl6_Listeria_InVitro_MOI2.5_0720_____BMDM_F_A_EM.CEL	BMDM_Bl6_Listeria_0720___Female
20090415_02_MyDTRIF_Unstim_InVitro___0000_____BMDM_F_.CEL	BMDM_MyD88-Trif-null_Unstimulated_0000___Female
20090415_03_MyDTRIF_Listeria_InVitro_MOI2.5_0240_____BMDM_F_.CEL	BMDM_MyD88-Trif-null_Listeria_0240___Female
20090415_04_MyDTRIF_Unstim_InVitro___0000_____BMDM_F_.CEL	BMDM_MyD88-Trif-null_Unstimulated_0000___Female
20090415_05_MyDTRIF_Listeria_InVitro_MOI2.5_0240_____BMDM_F_.CEL	BMDM_MyD88-Trif-null_Listeria_0240___Female
20090415_06_MyDTRIF_Listeria_InVitro_MOI2.5_0480_____BMDM_F_.CEL	BMDM_MyD88-Trif-null_Listeria_0480___Female
20090430_01_Bl6_Mock_InVitro__0000_____mTEC_F_1_AD_Std_.CEL	mTEC_Bl6_Mock-infected_0000___Female
20090430_02_Bl6_PR8_InVitro__0720_____mTEC_F_1_AD_Std_.CEL	mTEC_Bl6_PR8-influenza_0720___Female
20090430_03_Bl6_PR8_InVitro__0720_____mTEC_F_1_AD_Std_.CEL	mTEC_Bl6_PR8-influenza_0720___Female
20090430_04_Bl6_X31_InVitro__0720_____mTEC_F_1_AD_Std_.CEL	mTEC_Bl6_X31-influenza_0720___Female
20090430_05_Bl6_X31_InVitro__0720_____mTEC_F_1_AD_Std_.CEL	mTEC_Bl6_X31-influenza_0720___Female
20090430_06_Bl6_VN62_InVitro__0720_____mTEC_F_1_AD_Std_.CEL	mTEC_Bl6_VN62-influenza_0720___Female
20090430_07_Bl6_VN62_InVitro__0720_____mTEC_F_1_AD_Std_.CEL	mTEC_Bl6_VN62-influenza_0720___Female
20090507_01_Bl6_Flu_InVitro__1440_anti-451_InVitro__1440_SDC.CEL	Splenic-Dendritic-Cell_Bl6_PR8-influenza_1440_anti-451-anti-sense-miRNA_1440_Male
20090507_02_Bl6_Flu_InVitro__1440_scramble_InVitro__1440_SDC.CEL	Splenic-Dendritic-Cell_Bl6_PR8-influenza_1440_random-short-RNA-sequences_1440_Male
20090507_03_Bl6_Flu_InVitro__1440_anti-451_InVitro__1440_LDC.CEL	Lung-Dendritic-Cell_Bl6_PR8-influenza_1440_anti-451-anti-sense-miRNA_1440_Male
20090507_04_Bl6_Flu_InVitro__1440_scramble_InVitro__1440_LDC.CEL	Lung-Dendritic-Cell_Bl6_PR8-influenza_1440_random-short-RNA-sequences_1440_Male
20090507_05_Bl6_Unstim_InVitro__0000_____BMDM_F_1_VL_Std_.CEL	BMDM_Bl6_Unstimulated_0000___Female
20090507_05_Bl6_Unstim_InVitro__0000_____BMDM_F_1_VL_Std_.CEL	BMDM_Bl6_Unstimulated_0000___Male
20090507_06_Bl6_LPS_InVitro_10ng-mL_60_0060_____BMDM_F_1_VL_.CEL	BMDM_Bl6_LPS_0060___Female
20090507_07_Bl6_LPS_InVitro_10ng-mL_120_0120_____BMDM_F_1_VL.CEL	BMDM_Bl6_LPS_0120___Female
20090507_08_Bl6_LPS_InVitro_10ng-mL_180_0180_____BMDM_F_1_VL.CEL	BMDM_Bl6_LPS_0180___Female
20090507_09_Bl6_LPS_InVitro_10ng-mL_240_0240_____BMDM_F_1_VL.CEL	BMDM_Bl6_LPS_0240___Female
20090507_10_Bl6_LPS_InVitro_10ng-mL_60_0120_____BMDM_F_1_VL_.CEL	BMDM_Bl6_LPS_0120___Female
20090507_11_Bl6_LPS_InVitro_10ng-mL_60_0180_____BMDM_F_1_VL_.CEL	BMDM_Bl6_LPS_0180___Female
20090507_12_Bl6_LPS_InVitro_10ng-mL_60_0240_____BMDM_F_1_VL_.CEL	BMDM_Bl6_LPS_0240___Female
20090602_01_DicerPlusLyszCre_________BMDM_M__JS_Std_.CEL	BMDM_Bl6_Unstimulated_0000___Female
20090602_01_DicerPlusLyszCre_________BMDM_M__JS_Std_.CEL	BMDM_Bl6_Unstimulated_0000___Male
20090602_02_DicerLyszCre_________BMDM_M__JS_Std_.CEL	BMDM_Bl6_Unstimulated_0000___Female
20090602_02_DicerLyszCre_________BMDM_M__JS_Std_.CEL	BMDM_Bl6_Unstimulated_0000___Male
20090602_03_DicerPlusLyszCre_________BMDM_M__JS_Std_.CEL	BMDM_Bl6_Unstimulated_0000___Female
20090602_03_DicerPlusLyszCre_________BMDM_M__JS_Std_.CEL	BMDM_Bl6_Unstimulated_0000___Male
20090602_04_DicerLyszCre_________BMDM_M__JS_Std_.CEL	BMDM_Bl6_Unstimulated_0000___Female
20090602_04_DicerLyszCre_________BMDM_M__JS_Std_.CEL	BMDM_Bl6_Unstimulated_0000___Male
20090602_05_DicerLyszCre_________BMDM_M__JS_Std_.CEL	BMDM_Bl6_Unstimulated_0000___Female
20090602_05_DicerLyszCre_________BMDM_M__JS_Std_.CEL	BMDM_Bl6_Unstimulated_0000___Male
20090602_06_DicerPlusLyszCre_________BMDM_M__JS_Std_.CEL	BMDM_Bl6_Unstimulated_0000___Female
20090602_06_DicerPlusLyszCre_________BMDM_M__JS_Std_.CEL	BMDM_Bl6_Unstimulated_0000___Male
20090602_07_DicerPlusLyszCre_IL-4_72h_InVitro__0000_____BMDM.CEL	BMDM_Dicer-fl/+-LyszCre+/-_IL-4-(50ng/ml)-72h_0000___Male
20090602_08_DicerLyszCre_IL-4_72h_InVitro__0000_____BMDM_M__.CEL	BMDM_Dicer-fl/fl-LyszCre+/-_IL-4-(50ng/ml)-72h_0000___Male
20090602_09_DicerPlusLyszCre_IL-4_72h_InVitro__0000_____BMDM.CEL	BMDM_Dicer-fl/+-LyszCre+/-_IL-4-(50ng/ml)-72h_0000___Male
20090602_10_DicerLyszCre_IL-4_72h_InVitro__0000_____BMDM_M__.CEL	BMDM_Dicer-fl/fl-LyszCre+/-_IL-4-(50ng/ml)-72h_0000___Male
20090602_11_DicerLyszCre_IL-4_72h_InVitro__0000_____BMDM_M__.CEL	BMDM_Dicer-fl/fl-LyszCre+/-_IL-4-(50ng/ml)-72h_0000___Male
20090602_12_DicerPlusLyszCre_IL-4_72h_InVitro__0000_____BMDM.CEL	BMDM_Dicer-fl/+-LyszCre+/-_IL-4-(50ng/ml)-72h_0000___Male
20090604_01_DicerPlusLyszCre_LPSIFNgamma_24h_InVitro__1440__.CEL	BMDM_Dicer-fl/+-LyszCre+/-_LPS-IFNgamma-24h_1440___Male
20090604_02_DicerLyszCre_LPSIFNgamma_24h_InVitro__1440_____B.CEL	BMDM_Dicer-fl/fl-LyszCre+/-_LPS-IFNgamma-24h_1440___Male
20090604_03_DicerPlusLyszCre_LPSIFNgamma_24h_InVitro__1440__.CEL	BMDM_Dicer-fl/+-LyszCre+/-_LPS-IFNgamma-24h_1440___Male
20090604_04_DicerLyszCre_LPSIFNgamma_24h_InVitro__1440_____B.CEL	BMDM_Dicer-fl/fl-LyszCre+/-_LPS-IFNgamma-24h_1440___Male
20090604_05_DicerLyszCre_LPSIFNgamma_24h_InVitro__1440_____B.CEL	BMDM_Dicer-fl/fl-LyszCre+/-_LPS-IFNgamma-24h_1440___Male
20090604_06_DicerPlusLyszCre_LPSIFNgamma_24h_InVitro__1440__.CEL	BMDM_Dicer-fl/+-LyszCre+/-_LPS-IFNgamma-24h_1440___Male
20090610_01_Bl6_Mock_InVitro__0720_____mTEC_F_1_AD_Std_.CEL	mTEC_Bl6_Mock-infected_0720___Female
20090610_02_Bl6_Mock_InVitro__0720_____mTEC_F_2_AD_Std_.CEL	mTEC_Bl6_Mock-infected_0720___Female
20090610_03_Bl6_Mock_InVitro__0720_____mTEC_F_3_AD_Std_.CEL	mTEC_Bl6_Mock-infected_0720___Female
20090610_04_Bl6_PR8_InVitro__0720_____mTEC_F_1_AD_Std_.CEL	mTEC_Bl6_PR8-influenza_0720___Female
20090610_05_Bl6_PR8_InVitro__0720_____mTEC_F_2_AD_Std_.CEL	mTEC_Bl6_PR8-influenza_0720___Female
20090610_06_Bl6_PR8_InVitro__0720_____mTEC_F_3_AD_Std_.CEL	mTEC_Bl6_PR8-influenza_0720___Female
20090610_07_Bl6_X31_InVitro__0720_____mTEC_F_1_AD_Std_.CEL	mTEC_Bl6_X31-influenza_0720___Female
20090610_08_Bl6_X31_InVitro__0720_____mTEC_F_2_AD_Std_.CEL	mTEC_Bl6_X31-influenza_0720___Female
20090610_09_Bl6_X31_InVitro__0720_____mTEC_F_3_AD_Std_.CEL	mTEC_Bl6_X31-influenza_0720___Female
20090610_10_Bl6_VN62_InVitro__0720_____mTEC_F_1_AD_Std_.CEL	mTEC_Bl6_VN62-influenza_0720___Female
20090610_11_Bl6_VN62_InVitro__0720_____mTEC_F_2_AD_Std_.CEL	mTEC_Bl6_VN62-influenza_0720___Female
20090610_12_Bl6_VN62_InVitro__0720_____mTEC_F_3_AD_Std_.CEL	mTEC_Bl6_VN62-influenza_0720___Female
20090615_01_Bl6_LPS_InVitro__0360_____BMDM_F__AB_Std_.CEL	BMDM_Bl6_LPS_0360___Female
20090615_02_Bl6_LPS_InVitro__0360_____BMDM_F__AB_Std_.CEL	BMDM_Bl6_LPS_0360___Female
20090615_03_Bl6_PAM3_InVitro__0360_____BMDM_F__AB_Std_.CEL	BMDM_Bl6_PAM3_0360___Female
20090615_04_Cebpd_LPS_InVitro__0360_____BMDM_F__AB_Std_.CEL	BMDM_Cebp/d-null_LPS_0360___Female
20090615_05_Cebpd_LPS_InVitro__0360_____BMDM_F__AB_Std_.CEL	BMDM_Cebp/d-null_LPS_0360___Female
20090615_06_Cebpd_PAM3_InVitro__0360_____BMDM_F__AB_Std_.CEL	BMDM_Cebp/d-null_PAM3_0360___Female
20090701_01_Bl6_oxy-LDL_InVitro__1440_____BMDM_F_A_LG_Std_.CEL	BMDM_Bl6_oxy-LDL_1440___Female
20090713_01_TLR1null_________BMDM_F__DZ_Std_.CEL	BMDM_TLR1-null_____Female
20090713_02_TLR1null_PAM3_InVitro__0240_____BMDM_F__DZ_Std_.CEL	BMDM_TLR1-null_PAM3_0240___Female
20090713_03_TLR1null_________BMDM_F__DZ_Std_.CEL	BMDM_TLR1-null_____Female
20090713_04_TLR1null_PAM3_InVitro__0240_____BMDM_F__DZ_Std_.CEL	BMDM_TLR1-null_PAM3_0240___Female
20090713_05_TLR6null_________BMDM_F__DZ_Std_.CEL	BMDM_TLR6-null_____Female
20090713_06_TLR6null_PAM3_InVitro__0240_____BMDM_F__DZ_Std_.CEL	BMDM_TLR6-null_PAM3_0240___Female
20090713_07_TLR6null_________BMDM_F__DZ_Std_.CEL	BMDM_TLR6-null_____Female
20090713_08_TLR6null_PAM3_InVitro__0240_____BMDM_F__DZ_Std_.CEL	BMDM_TLR6-null_PAM3_0240___Female
20090723_01_Bl6_Flu_InVivo__11520_____CD45_F__VT_Std_.CEL	CD45+_Bl6_PR8-influenza_11520___Female
20090723_02_Bl6_Flu_InVivo__11520_____CD45_F__VT_Std_.CEL	CD45+_Bl6_PR8-influenza_11520___Female
20090723_03_Bl6_Flu_InVivo__11520_____CD45_F__VT_NStd_.CEL	CD45+_Bl6_PR8-influenza_11520___Female
20090723_04_Bl6_Flu_InVivo__11520_____CD45_F__VT_NStd_.CEL	CD45+_Bl6_PR8-influenza_11520___Female
20090729_01_Bl6_PR8_InVitro__0480_____LDC_M__CR_Std_.CEL	Lung-Dendritic-Cell_Bl6_PR8-influenza_0480___Male
20090729_02_Bl6_PR8_InVitro__0480_____LDC_M__CR_Std_.CEL	Lung-Dendritic-Cell_Bl6_PR8-influenza_0480___Male
20090803_01_Bl6_Flu_InVivo__0000_____CD45_F__VT_NStd_.CEL	CD45+_Bl6_PR8-influenza_0000___Female
20090803_02_Bl6_Flu_InVivo__0000_____AECII_F__VT_NStd_.CEL	AECII_Bl6_PR8-influenza_0000___Female
20090803_03_Bl6_Flu_InVivo__0000_____BAL_F__VT_NStd_.CEL	BAL_Bl6_PR8-influenza_0000___Female
20090803_04_Bl6_Flu_InVivo__0000_____CD45_F__VT_NStd_.CEL	CD45+_Bl6_PR8-influenza_0000___Female
20090803_05_Bl6_Flu_InVivo__0000_____AECII_F__VT_NStd_.CEL	AECII_Bl6_PR8-influenza_0000___Female
20090803_06_Bl6_Flu_InVivo__11520_____BAL_F__VT_NStd_.CEL	BAL_Bl6_PR8-influenza_11520___Female
20090803_07_Bl6_Flu_InVivo__11520_____AECII_F__VT_NStd_.CEL	AECII_Bl6_PR8-influenza_11520___Female
20090803_08_Bl6_Flu_InVivo__11520_____BAL_F__VT_NStd_.CEL	BAL_Bl6_PR8-influenza_11520___Female
20090805_01_Bl6_Flu_InVivo__11520_____AECII_F__VT_NStd_.CEL	AECII_Bl6_PR8-influenza_11520___Female
20090805_02_Bl6_Flu_InVivo__18720_____BAL_F__VT_NStd_.CEL	BAL_Bl6_PR8-influenza_18720___Female
20090805_03_Bl6_Flu_InVivo__18720_____CD45_F__VT_NStd_.CEL	CD45+_Bl6_PR8-influenza_18720___Female
20090805_04_Bl6_Flu_InVivo__18720_____AECII_F__VT_NStd_.CEL	AECII_Bl6_PR8-influenza_18720___Female
20090805_05_Bl6_Flu_InVivo__18720_____AECII_F__VT_NStd_.CEL	AECII_Bl6_PR8-influenza_18720___Female
20090805_06_Bl6_Flu_InVivo__18720_____BAL_F__VT_NStd_.CEL	BAL_Bl6_PR8-influenza_18720___Female
20090805_07_Bl6_Flu_InVivo__18720_____CD45_F__VT_NStd_.CEL	CD45+_Bl6_PR8-influenza_18720___Female
20090805_08_Bl6_Flu_InVivo__18720_____AECII_F__VT_NStd_.CEL	AECII_Bl6_PR8-influenza_18720___Female
20090810_01_Bl6_oxy-LDL_InVitro__1440_____BMDM_F_B_LG_Std_.CEL	BMDM_Bl6_oxy-LDL_1440___Female
20090810_02_Bl6_Unstim_InVitro__1440_____BMDM_F_B_LG_Std_.CEL	BMDM_Bl6_Unstimulated_1440___Female
20090819_01_Bl6_________BMDM_M_Std.CEL	BMDM_Bl6_____Male
20090819_02_Bl6_________BMDM_M_2_JP_Std_.CEL	BMDM_Bl6_____Male
20090819_03_Bl6_________BMDM_M_3_JP_Std_.CEL	BMDM_Bl6_____Male
20090819_04_miR155_________BMDM_M_a_JP_Std_.CEL	BMDM_miR-155-null_____Male
20090819_05_miR155_________BMDM_M_b_JP_Std_.CEL	BMDM_miR-155-null_____Male
20090819_06_miR155_________BMDM_M_c_JP_Std_.CEL	BMDM_miR-155-null_____Male
20090819_07_Bl6_LPS_InVitro__1440_____BMDM_M_a_JP_Std_.CEL	BMDM_Bl6_LPS_1440___Male
20090819_08_Bl6_LPS_InVitro__1440_____BMDM_M_2_JP_Std_.CEL	BMDM_Bl6_LPS_1440___Male
20090819_09_Bl6_LPS_InVitro__1440_____BMDM_M_3_JP_Std_.CEL	BMDM_Bl6_LPS_1440___Male
20090819_10_miR155_LPS_InVitro__1440_____BMDM_M_a_JP_Std_.CEL	BMDM_miR-155-null_LPS_1440___Male
20090819_11_miR155_LPS_InVitro__1440_____BMDM_M_b_JP_Std_.CEL	BMDM_miR-155-null_LPS_1440___Male
20090819_12_miR155_LPS_InVitro__1440_____BMDM_M_c_JP_Std_.CEL	BMDM_miR-155-null_LPS_1440___Male
20090820_03_Bl6_oxy-LDL_InVitro__1440_____BMDM_F_C_LG_Std_.CEL	BMDM_Bl6_oxy-LDL_1440___Female
20090820_04_Bl6_Unstim_InVitro__0000_____BMDM_F_C_LG_Std_.CEL	BMDM_Bl6_Unstimulated_0000___Female
20090820_04_Bl6_Unstim_InVitro__0000_____BMDM_F_C_LG_Std_.CEL	BMDM_Bl6_Unstimulated_0000___Male
20090826_01_Bl6_Bthai_InVitro_MOI50_0240_____BMDM_F_A_EM_NSt.CEL	BMDM_Bl6_Burkholderia-thailandensis_0240___Female
20090826_02_Bl6_Bthai_InVitro_MOI50_0240_____BMDM_F_A_EM_NSt.CEL	BMDM_Bl6_Burkholderia-thailandensis_0240___Female
20090908_01_MyDTRIF_________BMDM_F_C_EM_NStd_.CEL	BMDM_MyD88-Trif-null_____Female
20090908_01_MyDTRIF_________BMDM_F_C_EM_NStd_.CEL	BMDM_MyD88-Trif-null_____Male
20090908_02_Bl6_Listeria_InVitro_MOI2.5_0240_____BMDM_F_C_EM.CEL	BMDM_Bl6_Listeria_0240___Female
20090908_03_MyDTRIF_Listeria_InVitro_MOI2.5_0240_____BMDM_F_.CEL	BMDM_MyD88-Trif-null_Listeria_0240___Female
20090908_04_Bl6_Listeria_InVitro_MOI2.5_0480_____BMDM_F_C_EM.CEL	BMDM_Bl6_Listeria_0480___Female
20090908_05_MyDTRIF_Listeria_InVitro_MOI2.5_0480_____BMDM_F_.CEL	BMDM_MyD88-Trif-null_Listeria_0480___Female
20090908_11_MyDTRIF_Bthai_InVitro_MOI10_0240_____BMDM_F_A_EM.CEL	BMDM_MyD88-Trif-null_Burkholderia-thailandensis_0240___Female
20090908_12_Bl6_Bthai_InVitro_MOI10_0240_____BMDM_F_C_EM_NSt.CEL	BMDM_Bl6_Burkholderia-thailandensis_0240___Female
20090909_04_Bl6_CA0409_InVitro__0000_____Lung_F_2_AB_Std_.CEL	Lung_Bl6_mouse-adapted-swine-origin-CA/04/09-influenza_0000___Female
20090909_05_Bl6_CA0409_InVitro__0000_____Lung_F_1_AB_Std_.CEL	Lung_Bl6_mouse-adapted-swine-origin-CA/04/09-influenza_0000___Female
20090909_06_Bl6_CA0409_InVitro__0000_____Lung_F_3_AB_Std_.CEL	Lung_Bl6_mouse-adapted-swine-origin-CA/04/09-influenza_0000___Female
20090909_07_Bl6_CA0409_InVitro__0000_____Lung_F_4_AB_Std_.CEL	Lung_Bl6_mouse-adapted-swine-origin-CA/04/09-influenza_0000___Female
20090909_08_Bl6_Mock_InVitro__0000_____Lung_F_1_AB_Std_.CEL	Lung_Bl6_Mock-infected_0000___Female
20090909_09_Bl6_Mock_InVitro__0000_____Lung_F_2_AB_Std_.CEL	Lung_Bl6_Mock-infected_0000___Female
20090909_10_Bl6_Mock_InVitro__0000_____Lung_F_3_AB_Std_.CEL	Lung_Bl6_Mock-infected_0000___Female
20090909_11_Bl6_Mock_InVitro__0000_____Lung_F_4_AB_Std_.CEL	Lung_Bl6_Mock-infected_0000___Female
20090921_01_IRF1-IRF3null_________BMDM_F_MH_DZ_Std_.CEL	BMDM_IRF1-IRF3-null_____Female
20090921_02_IRF1-IRF3null_LPS_InVitro__0720_____BMDM_F_MH_DZ.CEL	BMDM_IRF1-IRF3-null_LPS_0720___Female
20090921_03_IRF1-IRF3null_PAM3_InVitro__0720_____BMDM_F_MH_D.CEL	BMDM_IRF1-IRF3-null_PAM3_0720___Female
20090921_04_IRF1-IRF3null_PIC_InVitro__0720_____BMDM_F_MH_DZ.CEL	BMDM_IRF1-IRF3-null_Poly-IC_0720___Female
20090921_05_IRF1-IRF3null_PMA_InVitro__0720_____BMDM_F_MH_DZ.CEL	BMDM_IRF1-IRF3-null_PMA_0720___Female
